order_weekday,weekday_sales
,
4,59265.59
5,45898.30000000001
6,215648.46
7,658373.7699999999
