order_hour,hourly_sales
,
0,1723.02
1,13177.43
2,2131.11
3,4462.11
4,15345.66
5,9058.97
15,806638.3100000003
18,7415.63
19,22641.42
20,72485.75000000001
21,8041.06
22,3921.92
23,12143.73
